name,latitude,longitude,contact,email,rprkid,,
3 Ways,-33.29380356,116.0523605,NULL,NULL,NULL,,
4 Mile Campground,-33.92267515,120.0386553,+61 (08) 9842 4500,albany@dbca.wa.gov.au,232,,
Alexander Morrison,-30.05089951,115.5800018,+61 (0)8 9688 6000,jurien@dbca.wa.gov.au,1082,,
Alyi-wa Miya,-32.32853124,116.2428617,+61 (08) 9290 6100,mundaring@dbca.wa.gov.au,NULL,,
Alyi-wa Miya Group Campsite,-32.32892376,116.2415045,NULL,NULL,NULL,,
Andrew Forest Block,-34.13447064,115.8309817,+61 (0)8 9776 1207,donnellyd@dbca.wa.gov.au,NULL,,
Andrew State Forest,-34.13452392,115.8319044,+61 (0)8 9776 1207,donnellyd@dbca.wa.gov.au,NULL,,
Arcadia Campsite,-33.42427808,115.9728813,NULL,NULL,NULL,,
Arcadia Group Campsite,-33.42228884,115.9719533,NULL,NULL,NULL,,
Arklow Forest,-33.30318345,116.1427617,(08) 9735 1988,wellington@dbca.wa.gov.au,NULL,,
Arklow Mountain Bike Trails,-33.2819304,116.1237958,NULL,NULL,NULL,,
Arklow State Forest,-33.29395764,116.095745,+61 (08) 9735 1988,wellington@dbca.wa.gov.au,NULL,,
Arklow State Forrest,-33.2813202,116.1081388,+61 (08) 9735 1988,wellington@dbca.wa.gov.au,NULL,,
Avon Valley,-31.63701399,116.210289,+61 (0)8 9290 6100,mundaring@dbca.wa.gov.au,709,,
Badgingarra,-30.39889908,115.4609985,+61 (0)8 9688 6000,jurien@dbca.wa.gov.au,406,,
Balban and Yendicup Forest Blocks,-34.08849266,116.5642548,NULL,NULL,NULL,,
Bald Head and Ismuth Hill,-35.09901985,117.970435,NULL,NULL,NULL,,
Ball Creek Campsite,-31.95332745,116.189003,NULL,NULL,NULL,,
Bandilngan (Windjana Gorge),-17.42149925,124.9860001,+61 (0)8 9195 5500,broome@dbca.wa.gov.au,997,,
Banyowla,-32.08539963,116.0250015,+61 (0)8 9442 0300,regional.parks@dbca.wa.gov.au,1043,,
Barkers Inlet Nature Reserve,-33.80140294,121.3419342,+61 (0)8 9083 2100,esperance_admin@dbca.wa.gov.au,NULL,,
Beavis Campsite,-34.31187094,115.8409166,NULL,NULL,NULL,,
Beedelup Campsite,-34.41164882,115.8768475,+61 (08) 9776 1207,donnellyd@dbca.wa.gov.au,NULL,,
Beedelup National Park,-34.40067777,115.8611727,NULL,NULL,NULL,,
Beeliar,-32.21730042,115.8399963,+61 (0)8 9442 0300,regional.parks@dbca.wa.gov.au,901,,
Beelu,-31.94140053,116.1429977,+61 (0)8 9295 2244,perthhills@dbca.wa.gov.au,1045,,
Benwenerup (formerly Stokes) National Park,-33.83169937,121.086998,+61 (08) 9083 2100,esperance_admin@dbca.wa.gov.au,310,,
Beraking Campsite,-32.06286452,116.2995958,NULL,NULL,NULL,,
Bibbulmum Track - Mount Hallowell near Denmark,-35.00022539,117.312355,+61 (08) 9840 0400,frankland.district@dbca.wa.gov.au,NULL,,
Bibbulmun Track,-32.54681317,116.0678101,NULL,NULL,NULL,,
Bibbulmun Track - Beedelup National Park,-34.39064473,115.8518332,NULL,NULL,1114,,
Bibbulmun Track - Between Balingup and Spring Valley Road,-33.78827854,115.9848976,NULL,NULL,NULL,,
Bibbulmun Track - Glen Mervyn Dam,-33.50077627,116.094954,(08) 9735 1988,wellington@dbca.wa.gov.au,10002,,
Bibbulmun Track - Helena National Park,-31.9809734,116.2494385,+61 (08) 9290 6100,mundaring@dbca.wa.gov.au,NULL,,
Bibbulmun Track - Map 6b,-34.94374536,116.5659113,NULL,NULL,NULL,,
Bibbulmun Track - Wilson Inlet,-35.02661752,117.3306048,(08) 9842 4500.,albany@dbca.wa.gov.au,NULL,,
Bibbulmun Track Balingup,-33.78689957,115.9840012,+61 (0)8 9731 6232,blackwood@dbca.wa.gov.au,10003,,
Bibbulmun Track Blackwood,-33.66656819,116.0240793,NULL,NULL,NULL,,
Bibbulmun Track Blackwood Campsite,-33.87739926,115.9657574,+61 (0)8 9752 5555,blackwood@dbca.wa.gov.au,NULL,,
Bibbulmun Track Blackwood Shelter,-33.87782681,115.9657574,+61 (0)8 9752 5555,blackwood@dbca.wa.gov.au,NULL,,
Bibbulmun Track Collie,-33.35910034,116.1500015,+61 (0)8 9735 1988,wellington@dbca.wa.gov.au,10002,,
Bibbulmun Track Dale,-32.15968081,116.3172149,+61 (08) 9290 6100 ,mundaring@dbca.wa.gov.au,NULL,,
Bibbulmun Track Darling Range,-31.97310066,116.060997,+61 (0)8 9290 6100,mundaring@dbca.wa.gov.au,10000,,
Bibbulmun Track Denmark,-35.02191347,117.2748524,(08) 9840 0400,frankland.district@dbca.wa.gov.au,NULL,,
Bibbulmun Track Denmark Albany,-34.9693985,117.3659973,+61 (0)8 9842 4500,albany@dbca.wa.gov.au,10008,,
Bibbulmun Track Dog Pool Campsite,-34.76352718,116.3761091,+61 (08) 9776 1207,donnellyd@dbca.wa.gov.au,NULL,,
Bibbulmun Track Donnelly River,-34.10250092,115.9779968,+61 (0)8 9776 1207,pemberton@dbca.wa.gov.au,10004,,
Bibbulmun Track Donnelly River Village,-34.1207225,115.978117,+61 (0)8 9776 1207,donnellyd@dbca.wa.gov.au,NULL,,
Bibbulmun Track Dwellingup,-32.71179962,116.0630035,+61 (0)8 9538 1078,lanepoolereserve@dbca.wa.gov.au,10001,,
Bibbulmun Track Gleneagle,-32.28051534,116.2265015,+61 (08) 9290 6100,mundaring@dbca.wa.gov.au,NULL,,
Bibbulmun Track Helena National Park,-31.9694472,116.2134647,NULL,NULL,NULL,,
Bibbulmun Track Jarrahdale,-32.329112,116.2399435,NULL,NULL,NULL,,
Bibbulmun Track Kalamunda,-31.95811572,116.1289844,+61 (08) 9290 6100,mundaring@dbca.wa.gov.au,10000,,
Bibbulmun Track Lake Maringup,-34.82991933,116.1922455,+61 (08) 9776 1207,donnellyd@dbca.wa.gov.au,10006,,
Bibbulmun Track Mundaring,-31.98004589,116.2482111,9290 6100,mundaring@dbca.wa.gov.au,NULL,,
Bibbulmun Track Nerang,-32.4616014,116.3765907,+61 (08) 9290 6100 ,mundaring@dbca.wa.gov.au,NULL,,
Bibbulmun Track Northcliffe,-34.6332016,116.1240005,+61 (0)8 9776 1207,pemberton@dbca.wa.gov.au,10006,,
Bibbulmun Track Pemberton,-34.44609833,116.0329971,+61 (0)8 9776 1207,pemberton@dbca.wa.gov.au,10005,,
Bibbulmun Track Pingerup Raod,-34.80161781,116.451149,+61 (08) 9840 0400,frankland.district@dbca.wa.gov.au,10007,,
Bibbulmun Track Preston,-33.60494799,116.0692263,NULL,NULL,NULL,,
Bibbulmun Track Rame Head Campsite,-35.04630031,116.8596196,+61 (0)8 9840 0400,frankland.district@dbca.wa.gov.au,NULL,,
Bibbulmun Track Walpole,-34.9754982,116.7279968,+61 (0)8 9840 0400,frankland@dbca.wa.gov.au,10007,,
Bibbulmun Track Warren Campsite,-34.50900916,116.0972869,+61 (08) 9776 1207,donnellyd@dbca.wa.gov.au,NULL,,
Bibbulmun Track Woolbales Campsite,-34.94422154,116.5659165,+61 (08) 9840 0400,frankland.district@dbca.wa.gov.au,10007,,
Big Brook,-34.39139938,116.0070038,+61 (0)8 9776 1207,donellyd@dbca.wa.gov.au,541,,
Blackwood Campsite,-33.87739926,115.9661007,NULL,NULL,NULL,,
Blackwood River,-34.07109833,115.3570023,+61 (0)8 9752 5555,blackwood@dbca.wa.gov.au,35,,
Bluff Knoll,-34.36776991,118.2421991,NULL,NULL,NULL,,
Bluff Knoll and The Stirling Range Ridge Walk,-34.37408792,118.2560806,+61 (08) 9842 4500,albany@dbca.wa.gov.au,231,,
Boarding House Campsite,-34.28054743,115.9309316,NULL,NULL,NULL,,
Boat Harbour Campsite,-35.03329437,117.0679522,NULL,NULL,NULL,,
Boodie Island,-20.91229927,115.3284645,+61 (08) 9182 2000,karratha@dbca.wa.gov.au,NULL,,
Boom Boom Trail,-32.77966292,116.0825008,+61 (08) 9538 1078,lanepoolereserve@dbca.wa.gov.au,721,,
Boondi Rock,-31.181045,120.385668,+61 (08) 9080 5555,kalgoorlie@dbca.wa.gov.au,NULL,,
Booner Mundak Hut,-34.84567666,116.9414927,+61 (08) 9840 0400,frankland.district@dbca.wa.gov.au,12007,,
Boorabbin,-31.23329926,120.1650009,+61 (08) 9080 5555,kalgoorlie@dbca.wa.gov.au,181,,
Boorara - Gardner,-34.69010162,116.2600021,+61 (0)8 9776 1207,donellyd@dbca.wa.gov.au,531,,
Boranup Campground,-34.17804047,115.067794,NULL,NULL,NULL,,
Boranup Drive,-34.11443385,115.0576472,NULL,NULL,NULL,,
"Boylan Trail, Mt Lennard",-33.40528678,115.8605424,NULL,NULL,NULL,,
Bramley,-33.95949936,115.1149979,+61 (0)8 9752 5555,blackwood@dbca.wa.gov.au,37,,
Brides Cave,-34.08640014,115.0396228,+61 (08) 9752 5555,blackwood@dbca.wa.gov.au,120,,
Bridge works adjacent to the Trail - Map 9b,-35.0224055,117.6771355,9420 2883,NULL,NULL,,
Brockway Timber Reserve,-32.30960119,121.7761231,+61 (08) 9083 2100,esperance_admin@dbca.wa.gov.au,334,,
Brookton Campsite,-32.18469313,116.2998104,NULL,NULL,NULL,,
Bundegi Boat Ramp,-21.83145,114.17435,(08) 9947 8000,exmouth@dbca.wa.gov.au,NULL,,
"Bundegi Coastal Park, Jurabi Coastal Park and Ningaloo Marine Park",-22.86179924,113.7399979,(08) 9947 8000,exmouth@dbca.wa.gov.au,NULL,,
"Bundegi Coastal Reserve, Jurabi Coastal Reserve",-21.86895655,114.1496658,NULL,NULL,NULL,,
Burra,-31.3885994,121.1969986,+61 (0)8 9080 5555,kalgoorlie@dbca.wa.gov.au,187,,
Burra Rock,-31.393301,121.201998,+61 (08) 9080 5555,kalgoorlie@dbca.wa.gov.au,NULL,,
Busselton Jetty,-33.64400071,115.3446382,NULL,NULL,NULL,,
Calgardup Cave,-34.05031267,115.0249189,NULL,NULL,NULL,,
Cambray State Forest,-33.90498656,115.6835227,+61 (08) 9752 5555,blackwood@dbca.wa.gov.au,35,,
Camp Creek Conservation Reserve,-14.88696825,125.8254866,+61 (08) 9168 4200,kununurra@dbca.wa.gov.au,NULL,,
Camp Quaranup,-35.05335678,117.9130304,+61 (08) 9842 4500,albany@dbca.wa.gov.au,234,,
Canning Campsite,-32.24184408,116.2521744,NULL,NULL,NULL,,
Canning River,-32.02170181,115.9280014,+61 (0)8 9442 0300,regional.parks@dbca.wa.gov.au,866,,
Cape Arid,-33.51900101,123.3690033,+61 (0)8 9083 2100,esperance_admin@dbca.wa.gov.au,334,,
Cape Le Grand,-33.95190048,122.2210007,+61 (0)8 9083 2100,esperance_admin@dbca.wa.gov.au,333,,
Cape Leeuwin Lighthouse,-34.37159252,115.1359992,+61 (08) 9752 5555,blackwood@dbca.wa.gov.au,NULL,,
Cape Range,-22.15870094,113.8679962,+61 (0)8 9949 2808,cape.range@dbca.wa.gov.au,410,,
Cape to Cape - Margaret Rivermouth,-33.97124437,114.9868262,(08) 9752 5555,NULL,NULL,,
Cape to Cape Track,-33.67330067,114.9986708,NULL,NULL,NULL,,
Captain Fawcett 4WD Track,-32.83450261,116.0899289,+61 (08) 9538 1078,lanepoolereserve@dbca.wa.gov.au,721,,
Captain Fawcett Track,-32.83436553,116.089721,NULL,NULL,NULL,,
Cardac and Mooralup Forest Blocks,-34.26431021,116.2717438,+61 (0)8 9776 1207,donnellyd@dbca.wa.gov.au,NULL,,
"Cardac, Mooralup and Yeticup state forests",-34.28870348,116.3100243,NULL,NULL,NULL,,
Carinyah Campsite / NE of Canning Reservoir,-32.09532685,116.163168,+61 (0)8 9290 6100,mundaring@dbca.wa.gov.au,NULL,,
Carnac Island,-32.12179947,115.663002,+61 (0)8 9303 7700,wanneroo@dbca.wa.gov.au,885,,
Castle Rock,-34.69384299,117.9275587,+61 (08) 9842 4500,albany@dbca.wa.gov.au,233,,
Cave Hill,-31.40056,121.14101,+61 (08) 9080 5555,kalgoorlie@dbca.wa.gov.au,NULL,,
Cave Hill Conservation Park,-31.74627025,121.1469269,+61 (0)8 9080 5555,NULL,NULL,,
Caveworks and Lake Cave,-34.07916254,115.0298274,NULL,NULL,NULL,,
Chadoora Campsite,-32.75884023,116.2391281,NULL,NULL,NULL,,
Chariup Forest Block,-34.25778397,116.7125702,+61 (0)8 9776 1207,donnellyd@dbca.wa.gov.au,NULL,,
Chimney Trail Loop,-33.93107368,115.0785202,NULL,NULL,NULL,,
Coalfields Highway,-33.32035116,115.9820478,NULL,NULL,NULL,,
Coalseam,-28.96279907,115.5540009,+61 (0)8 9964 0901,geraldtonenquiries@dbca.wa.gov.au,703,,
"Cobiac forest block, Jarrahdale State Forest",-32.33268626,116.1771584,+61 (0)8 9290 6100,mundaring@dbca.wa.gov.au,NULL,,
Collie,-33.35877851,116.1576748,NULL,NULL,NULL,,
Collie State Forest,-33.35331516,116.0911748,(08) 9735 1988,wellington@dbca.wa.gov.au,NULL,,
Collier Range,-24.65189934,119.0719986,+61 (08) 9182 2000,karratha@dbca.wa.gov.au,429,,
Collins and Nairn State Forests,-34.470619,116.155889,+61 (0)8 9776 1207,donnellyd@dbca.wa.gov.au,NULL,,
Construction diversion - Ordnance Bridge - map 7b,-34.8346592,116.5615726,+61 (0)8 9840 0400,frankland.district@dbca.wa.gov.au,NULL,,
Conto Campground,-34.08218384,115.0113094,NULL,NULL,NULL,,
Conto Spring,-34.08376776,115.0033296,+61 (08) 9752 5555,blackwood@dbca.wa.gov.au,NULL,,
Conto Springs (Conto Coastal Day Use site),-34.08369,115.0032386,NULL,NULL,NULL,,
Coral Bay,-23.141663,113.773162,NULL,NULL,NULL,,
Coulomb Point Nature Reserve,-17.32493064,122.3010395,+61 (08) 9195 5500,broome@dbca.wa.gov.au,NULL,,
Credo,-30.36520004,120.7779999,+61 (08) 9080 5555,kalgoorlie@dbca.wa.gov.au,1060,,
Credo Campground,-30.459176,120.823576,+61 (08) 9080 5555,kalgoorlie@dbca.wa.gov.au,NULL,,
Creery Wetland Nature Reserve,-32.55430121,115.7322121,+61 (08) 9303 7700,wanneroo@dbca.wa.gov.au,NULL,,
Creery Wetlands Nature Reserve,-32.55605556,115.7322764,+61 (08) 9303 7750,mandurah@dbca.wa.gov.au,NULL,,
Crowea Forest Block,-34.50429324,116.1617088,+61 (0)8 9776 1207,donnellyd@dbca.wa.gov.au,NULL,,
D'Entrecasteaux,-34.77899933,116.0270004,+61 (0)8 9776 1207,pemberton@dbca.wa.gov.au,561,,
D'Entrecasteaux National Park,-34.8735033,116.5321434,NULL,NULL,NULL,,
Dales Campground,-22.4704872,118.5519326,+61 (08) 9189 8121,karijini@dbca.wa.gov.au,420,,
"Dales Campground, Karijini National Park",-22.47271387,118.5441956,Judy-Mae Napier,kariijini@dbca.wa.gov.au,NULL,,
Dalmanyi (Bell Gorge),-16.9993467,125.2070701,+61 (08) 9168 4200,kununurra@dbca.wa.gov.au,NULL,,
Danggu Geikie Gorge,-18.07579994,125.7060013,(08) 9191 5112,broome@dbca.wa.gov.au,994,,
DBCA - Walpole Office,-35.03044277,117.1614861,(08) 9840 0400,NULL,NULL,,
DBCA Broome Office,-17.97131744,122.2323985,+61 (08) 9195 5500,broome@dbca.wa.gov.au,NULL,,
Deanmill,-34.25036188,116.0826244,NULL,NULL,NULL,,
Denmark,-35.02689866,117.3311841,NULL,NULL,NULL,,
Denmark Catchment State Forest,-34.89520175,117.2578955,+61 (0)8 9840 0400,frankland.district@dbca.wa.gov.au,NULL,,
"Department of Biodiversity, Conservation and Attractions",-31.99639368,115.8887243,+61 (0)8 9448 8150,admin@facet.asn.au,NULL,,
Diamond,-34.31919861,116.1220016,+61 (0)8 9776 1207,donellyd@dbca.wa.gov.au,503,,
Dick Perry Reserve,-31.79498574,115.9201102,Swan Region,swanregion@dbca.wa.gov.au,NULL,,
Dimalurru (Tunnel Creek),-17.6107,125.14399,(08) 9195 5500,broome@dbca.wa.gov.au,998,,
Dingup Forest Block,-34.3143043,116.2204599,Donnelly District (08)9776 1207,donnellyd@dbca.wa.gov.au,NULL,,
Dirk Hartog Island,-25.82600021,113.052002,+61 (0)8 9948 2226,denham@dbca.wa.gov.au,1052,,
Dog Pool Campsite,-34.76367487,116.3761139,NULL,NULL,NULL,,
"Dog Road, Shannon National Park",-34.71250506,116.4110094,NULL,NULL,NULL,,
Dookanelly Campsite,-32.95797741,116.2153101,NULL,NULL,NULL,,
Dookanelly Campsite / S of Dwellingup,-32.95778777,116.2151814,+61 (0)8 9290 6100,mundaring@dbca.wa.gov.au,NULL,,
Drovers Cave,-30.23390007,115.0920029,+61 (0)8 9688 6000,jurien@dbca.wa.gov.au,1081,,
Dryandra Woodland,-32.79750061,116.9089966,+61 (0)8 9881 9200,narrogin@dbca.wa.gov.au,128,,
Drysdale River,-15.0468998,126.7210007,+61 (0)8 9168 4200,kununurra@dbca.wa.gov.au,631,,
Dulundi Silent Grove,-17.05767867,125.2481321,+61 (08) 9168 4200,kununurra@dbca.wa.gov.au,NULL,,
Dundas Nature Reserve,-32.446942,122.590393,+61 (08) 9083 2100,esperance_admin@dbca.wa.gov.au,333,,
Dwellingup,-32.78026018,116.0830852,+61 (08) 9290 6100,mundaring@dbca.wa.gov.au,NULL,,
E of Jarrahdale/Monadnocks Campsite,-32.3114139,116.230073,(08) 9290 6100,mundaring@dbca.wa.gov.au,NULL,,
E of Stirling Dam,-33.1112951,116.12257,+61 (0)8 9735 1988,wellington@dbca.wa.gov.au,NULL,,
East Of Jarrahdale,-32.33000183,116.1699982,(08) 9295 1955,NULL,NULL,,
East Wallabi Island - Houtman Abrolhols Islands National Park,-28.43684582,113.7280655,+61 (0)8 9964 0901,geraldtonenquiries@dbca.wa.gov.au,NULL,,
Eclipse Island Road,-35.09550861,117.8813159,+61 (0)8 9842 4500,albany_admin@dbca.wa.gov.au,NULL,,
Edel Land (proposed) National Park,-26.20483534,113.2323517,+61 (0)8 9948 2226,denham@dbca.wa.gov.au,NULL,,
Edel Land National Park,-26.24538801,113.2498169, +61 (0)8 9948 2226,sharkbayenquiries@dpaw.wa.gov.au,NULL,,
Edel Land proposed National Park (Steep Point),-26.14295962,113.160268,NULL,NULL,NULL,,
Eighty Mile Beach,-19.64259911,120.8830032,+61 (08) 9195 5500,broome@dbca.wa.gov.au,1130,,
Elephant Rocks - William Bay National Park,-35.02549685,117.2370037,(08) 9840 0400 ,NULL,NULL,,
False Entrance Campground,-26.39797564,113.3046471,+61 (08) 9948 2226,sharkbayenquiries@dbca.wa.gov.au,1051,,
Ferguson Road,-33.43470714,115.8434835,NULL,NULL,NULL,,
Ferndale and Lewana Plantation,-33.80587164,115.9516343,+61 (08) 9752 5555,blackwood@dbca.wa.gov.au,35,,
Fisherman's Track,-34.985,116.517,+61 (08) 98400400,frankland.district@dbca.wa.gov.au,NULL,,
Fitzgerald River,-33.99259949,119.6289978,+61 (08) 9842 4500,albany_admin@dpaw.wa.gov.au,232,,
Flint Forest Block,-32.08373812,116.1320114,NULL,NULL,NULL,,
Forest Grove,-34.09899902,115.1330032,+61 (08) 9752 5555,blackwood@dbca.wa.gov.au,1127,,
"Forsyths Mill, Perth Hills",-31.90317336,116.2645823,NULL,NULL,NULL,,
Francois Peron,-25.69829941,113.5070038,+61 (0)8 9948 2226,denham@dbca.wa.gov.au,864,,
Frank Hann,-32.87720108,120.3160019,+61 (0)8 9083 2100,esperance_admin@dbca.wa.gov.au,300,,
Frankland Campsite,-34.94999942,116.8115705,+61 (08) 9840 0400,frankland.district@dbca.wa.gov.au,10007,,
Frankland River Campsite,-34.94993003,116.811533,NULL,NULL,NULL,,
Galway Green,-33.25370261,115.7380593,+61 (08) 9725 4300,bunbury@dbca.wa.gov.au,NULL,,
Gardner Campsite,-34.72041299,116.1798245,NULL,NULL,NULL,,
Gardner State Forest,-34.66125044,116.1917877,NULL,NULL,NULL,,
Geikie Gorge,-18.07579994,125.7060013,+61 (0)8 9191 5112,broome@dbca.wa.gov.au,994,,
Ghost House Trail,-31.5378712,115.6889239,NULL,NULL,882,,
Ghost House Walk Trail,-31.53811352,115.6891063,+61 (0)8 9303 7759,yanchep@dbca.wa.gov.au,882,,
Giant Cave,-34.08935613,115.0432122,+61 (08) 9752 5555,blackwood@dbca.wa.gov.au,120,,
Giants Campsite,-34.97398667,116.9035006,NULL,NULL,NULL,,
Giants Cave,-34.05029489,115.0249109,NULL,NULL,NULL,,
Glen Mervyn Campsite,-33.50351021,116.1034025,+61 (08) 9735 1988,wellington@dbca.wa.gov.au,960,,
Glen Mervyn Dam,-33.50264776,116.1014771,+61 (08) 9735 1988,wellington@dbca.wa.gov.au,NULL,,
Gloucester,-34.44919968,116.0619965,+61 (0)8 9776 1207,pemberton@dbca.wa.gov.au,535,,
Gloucester Tree,-34.44783385,116.0565255,Donnelly District,donnellyd@dbca.wa.gov.au,NULL,,
Gnangara,-31.76079941,115.8990021,+61 (0)8 9303 7700,wanneroo@dbca.wa.gov.au,888,,
Gnangara Off Road Vehicle Area,-31.794498,115.914198,(08) 9303 7700,wanneroo@dbca.wa.gov.au,NULL,,
Gnangara Off-Road Motorcycle Area,-31.79471046,115.9153009,+61 (08) 9303 7700,wanneroo@dbca.wa.gov.au,888,,
Gnangara Road,-31.79619421,115.8992386,NULL,NULL,NULL,,
Gnangara-Moore River State Forest,-31.59144063,115.7952518,+61 (08) 9303 7700,wanneroo@dbca.wa.gov.au,888,,
Goat Farm Mountain Bike Park,-31.90590577,116.0550749,+61 (08) 9290 6100,mundaring@dbca.wa.gov.au,NULL,,
Goegrup Nature Reserve,-32.52245527,115.7932476,NULL,wanneroo@dbca.wa.gov.au,NULL,,
Golden Valley Tree Park,-33.80139923,115.9950027,+61 (08) 9752 5555,blackwood@dbca.wa.gov.au,36,,
Goldfields Woodlands,-31.14220047,120.4580002,+61 (08) 9080 5555,kalgoorlie@dbca.wa.gov.au,195,,
Goongarrie,-29.98180008,121.5029984,+61 (08) 9080 5555,kalgoorlie@dbca.wa.gov.au,196,,
Goongarrie Homestead,-30.0431349,121.1600987,+61 (08) 9080 5555,kalgoorlie@dbca.wa.gov.au,191,,
Gooseberry Hill,-31.94109917,116.0469971,+61 (08) 9290 6100,mundaring@dbca.wa.gov.au,717,,
"Granite Skywalk, Castle Rock, Porongurup National Park",-34.68859265,117.9296893,+61 (08) 9842 4500,albany@dbca.wa.gov.au,234,,
Graphite and Lindsay Forest Blocks,-34.28530426,115.9361458,+61 (0)8 9776 1207,donnellyd@dbca.wa.gov.au,NULL,,
Graphite and Lindsay State Forest,115.9361458,-34.28530426,+61 (0)8 9776 1207,donnellyd@dbca.wa.gov.au,NULL,,
Greater Beedelup,-34.37340164,115.8639984,+61 (0)8 9776 1207,donellyd@dbca.wa.gov.au,1114,,
Greater Beedelup National Park,-34.35661646,115.8340931,NULL,NULL,NULL,,
Greater Hawke,-34.56480026,115.9509964,+61 (0)8 9776 1207,donellyd@dbca.wa.gov.au,1150,,
Greater Kingston National Park,-34.11066754,116.3743973,NULL,NULL,NULL,,
Green Island,-34.19924682,115.9457588,+61 (08) 9776 1207,donnellyd@dbca.wa.gov.au,561,,
Greenbushes Loop,-33.84953228,116.0594845,61+ (08) 9764 3883,NULL,NULL,,
Greenbushes Loop Trail,-33.82939256,116.0160542,(08) 9752 5555,NULL,NULL,,
Greenmount,-31.91069984,116.0630035,+61 (0)8 9290 6100,mundaring@dbca.wa.gov.au,716,,
Greens Pool,-35.0231,117.236,+61 (0)8 9840 0400,frankland.district@dbca.wa.gov.au,303,,
Gregory Brook Campsite,-33.98258446,115.9382057,NULL,NULL,NULL,,
Grimwade,-33.68859353,116.0193157,+61 (0)8 9731 6232,blackwood@dbca.wa.gov.au,NULL,,
Grimwade Campsite,-33.65713826,116.026268,NULL,NULL,NULL,,
Gringer Creek Campsite,-32.5682989,116.4441991,NULL,NULL,NULL,,
"Grizzy Trail, Mt Lennard",-33.392093,115.8981255,NULL,NULL,NULL,,
Guillotines,-33.8273,114.996,Michelle Keppel,michelle.keppel@dbca.wa.gov.au,NULL,,
Gull Rock,-34.98209109,117.9933596,+61 (08) 9842 4500,albany@dbca.wa.gov.au,259,,
Guniyan Binba Conservation Park,-17.85165616,122.2086525,NULL,NULL,NULL,,
Hamelin Bay,-34.22072991,115.028389,+61 (08) 9752 5555,blackwood@dbca.wa.gov.au,NULL,,
Hamelin Pool,-26.21409988,114.1019974,+61 (08) 9948 2226,sharkbayenquiries@dpaw.wa.gov.au,859,,
Harewood Forest,-34.92749971,117.2932363,+61 (0)8 9840 0400,frankland.district@dbca.wa.gov.au,NULL,,
Harewood Forest Walk Trail,-34.92625502,117.2880059,NULL,NULL,NULL,,
Harewood State Forest,-34.92548973,117.3141146,+61 (0)8 9840 0400,frankland.district@dbca.wa.gov.au,NULL,,
Harris Dam Campsite,-33.24335364,116.1566019,NULL,NULL,NULL,,
Harris Dam picnic area car park,-33.25657893,116.1368716,NULL,NULL,10002,,
Harris River Dam,-33.25559204,116.1380196,NULL,NULL,NULL,,
Harris River State Forest,-33.28414686,116.0824871,+61 (08) 9735 1988,wellington@dbca.wa.gov.au,NULL,,
Harvey Quindanning Road,-33.01730026,116.2686539,NULL,NULL,NULL,,
Helena,-32.00206153,116.2438488,+61 (0)8 9290 6100,mundaring@dbca.wa.gov.au,855,,
Helena and Aurora Ranges Conservation Park,-30.37298183,119.6583733,NULL,NULL,NULL,,
Helena Campsite,-31.98188344,116.2484086,NULL,NULL,NULL,,
Helena National Park,-31.98323084,116.2481833,NULL,NULL,NULL,,
Helms Arboretum,-33.72590491,121.844328,+61 (08) 9083 2100,esperance_admin@dbca.wa.gov.au,NULL,,
Herdsman Lake,-31.92519951,115.8069992,+61 (0)8 9442 0300,regional.parks@dbca.wa.gov.au,902,,
Hester Avenue,-31.67000008,115.7300034, 08 9303 7700,NULL,NULL,,
Hewett's Hill Campsite,-31.95829496,116.128841,+61 (08) 9290 6100,mundaring@dbca.wa.gov.au,NULL,,
Hidden Island - Buccaneer Archipelago,-16.24895688,123.4877014,+61 (0)8 9195 5500,broome@dbca.wa.gov.au,NULL,,
Hilliger,-34.23149872,115.6959991,+61 (08) 9752 5555,blackwood@dbca.wa.gov.au,1129,,
Hoffman,-33.00230026,116.0889969,+61 (0)8 9735 1988,wellington@dbca.wa.gov.au,914,,
Houtman Abrolhos Islands,-28.2999976,113.5957146,+61 (0)8 9964 0901,geraldtonenquiries@dbca.wa.gov.au,1241,,
Houtman Abrolhos Islands National Park,-28.30136143,113.5957689,Kathy Redford,geraldtonenquiries@dbca.wa.gov.au,NULL,,
Hunters Beach,-21.802656,114.1089553,9947 8080,NULL,NULL,,
Injidup,-33.6906384,115.0062132,+61 (0)8 9752 5555,blackwood@dbca.wa.gov.au,NULL,,
Irwin Inlet,-35.02050767,116.9576168,NULL,NULL,NULL,,
Jandakot,-32.13990021,115.9219971,+61 (0)8 9442 0300,regional.parks@dbca.wa.gov.au,903,,
Jane,-34.62630081,116.2570038,+61 (0)8 9776 1207,donnellyd@dbca.wa.gov.au,538,,
Jarrahdale State Forest,-32.095119,116.163758,+61 (0)8 9290 6100,mundaring@dbca.wa.gov.au,NULL,,
Jarrahdene Campground,-34.11752494,115.0864542,NULL,NULL,NULL,,
Jaurdi,-30.81692,120.16226,NULL,NULL,NULL,,
Jimmy Newells Road,-35.11295723,117.9367125,+61 (08) 9842 4500,albany@dbca.wa.gov.au,234,,
Jinung Beiganup Hut,-34.90244574,117.2644562,+61 (08) 9840 0400,frankland.district@dbca.wa.gov.au,12007,,
John Forrest,-31.88229942,116.0820007,+61 (0)8 9290 6100,mundaring@dbca.wa.gov.au,710,,
John Rate Lookout Walpole Nornalup,-34.98509103,116.6790318,+61 (0)8 9840 0400,frankland.district@dbca.wa.gov.au,NULL,,
"Judderbars Trail, Kalamunda Mountain Bike Network",-31.98884581,116.1306944,NULL,NULL,NULL,,
Julimar Conservation Park,-31.44038054,116.2763786,+61 (0)8 9290 6100,mundaring@dbca.wa.gov.au,NULL,,
Jurabi Coastal Park,-21.8753,114.0057,+61 (08) 9483 1111,info@wavisitorscentre.com.au,NULL,,
Jurien Bay,-30.28969955,115.0370026,+61 (08) 9688 6000,jurien@dbca.wa.gov.au,386,,
Kalamunda,-31.95940018,116.0780029,NULL,NULL,NULL,,
Kalamunda Mountain Bike Circuit,-31.97772078,116.1299944,+61 (0)8 9290 6100,mundaring@dbca.wa.gov.au,NULL,,
Kalamunda Mountain Bike Network,-31.97539095,116.1350369,+61 (08) 9290 6100,mundaring@dbca.wa.gov.au,720,,
Kalbarri,-27.64730072,114.4759979,+61 (0)8 9964 0901,geraldton@dbca.wa.gov.au,699,,
Kalgoorlie Arboretum,-30.74410057,121.4489975,+61 (08) 9080 5555,kalgoorlie@dbca.wa.gov.au,191,,
Kalgulup Regional Park,-33.36512928,115.6202269,+61 (08) 9725 4300,bunbury@dbca.wa.gov.au,NULL,,
Karara Rangeland Park,-28.8927,117.132,+61 (0)8 9964 0901,geraldtonenquiries@dbca.wa.gov.au,679,,
Karda Reserve,-30.2026,115.256,+61 (08) 9688 6000,jurien@dbca.wa.gov.au,1301,,
Karijini,-22.5442009,118.3389969,+61 (0)8 9189 8121,karijini@dpaw.wa.gov.au,420,,
Karijini Visitor Centre,-22.48078186,118.4625392,+61 (0)8 9189 8121,karijini@dbca.wa.gov.au,420,,
Karlamilyi,-22.33250046,122.7369995,+61 (0)8 9182 2000,karratha@dbca.wa.gov.au,414,,
Karri Corner,-34.09677338,115.047251,NULL,NULL,NULL,,
Kennedy Range,-24.57789993,115.0540009,+61 (0)8 9964 0901,geraldton@dbca.wa.gov.au,701,,
Kensington,-31.99559297,115.8838481,NULL,NULL,NULL,,
Kent Street Weir,-32.02103,115.91867,NULL,NULL,NULL,,
Keystone forest block,-34.97012883,116.6940522,NULL,NULL,NULL,,
Kimberley Region,-16.81670117,125.9675217,DPIRD’s Pest and Disease Information Service,padis@dpird.wa.gov.au,NULL,,
King Leopold Ranges,-16.88500023,125.0289993,+61 (0)8 9195 5500,broome@dbca.wa.gov.au,988,,
Kings Park,-31.9632312,115.8333206,(08) 9448 8150,admin@facet.asn.au,NULL,,
Kingston National Park and Palgarup State Forest,-34.11294156,116.3637543,+61 (0)8 9776 1207,donnellyd@dbca.wa.gov.au,NULL,,
Kingston SF,-34.08273,116.365072,NULL,NULL,NULL,,
Korung,-32.0054332,116.1307669,+61 (0)8 9290 6100,mundaring@dbca.wa.gov.au,1046,,
Kwokralup Beela Hut,-34.86834248,116.7555016,+61 (08) 9840 0400,frankland.district@dbca.wa.gov.au,12007,,
Lake Brockman,-33.01202354,115.9739542,+61 (0)8 9735 1988,wellington@dbca.wa.gov.au,NULL,,
Lake C Y O'Connor,-31.96624338,116.2110615,+61 (0)8 9290 6100,mundaring@dbca.wa.gov.au,NULL,,
Lake Jasper,-34.42465847,115.6993102,NULL,NULL,NULL,,
Lake Kepwari Campgrounds,-33.45816952,116.2287192,+61 (08) 9735 1988,wellington@dbca.wa.gov.au,960,,
Lake Maringup Campsite,-34.82984823,116.1920983,NULL,NULL,NULL,,
Lake Muir,-34.49349976,116.6790009,+61 (0)8 9776 1207,donnellyd@dbca.wa.gov.au,573,,
Lake Muir Nature Reserve,-34.49349976,116.6790009,+61 (0)8 9776 1207,donnellyd@dbca.wa.gov.au,NULL,,
Lake Navarino,-32.84411452,115.9844282,+61 (08) 9538 1078,lanepoolereserve@dbca.wa.gov.au,721,,
Lake Shaster Nature Reserve,-33.86243347,120.9608459,+61 (0)8 9083 2100,esperance_admin@dbca.wa.gov.au,NULL,,
Lake Thetis,-30.50722171,115.0778604,+61 (0)8 9652 7913,pinnacles@dbca.wa.gov.au,NULL,,
Lake Windabout Nature Reserve,-33.81546307,121.9087601,NULL,NULL,NULL,,
Lalang-Gaddam Marine Park,-16.2423646,123.9894676,(08) 9195 5500 ,broome@dbca.wa.gov.au,NULL,,
Lalang-gaddam/Horizontal Falls Marine Park,-15.7123003,124.1679993,+61 (08) 9195 5500,broome@dbca.wa.gov.au,1103,,
Lancelin Island Nature Reserve,-31.00602843,115.3161693,+61 (08) 9688 6000,jurien@dbca.wa.gov.au,NULL,,
Lane Navarino,-32.8471109,115.9840155,+61 (08) 9538 1078,lanepoolereserve@dbca.wa.gov.au,721,,
Lane Poole Reserve,-32.87179947,116.1419983,+61 (0)8 9538 1078,lanepoolereserve@dbca.wa.gov.au,721,,
Langford Park,-32.31546277,116.0695106,+61 (0)8 9290 6100,mundaring@dbca.wa.gov.au,NULL,,
Laterite Conservation Park,-14.9757975,125.935936,+61 (08) 9168 4200,kununurra@dbca.wa.gov.au,NULL,,
Lawley River National Park,-14.69220606,125.9067535,+61 (08) 9168 4200,kununurra@dbca.wa.gov.au,NULL,,
Leeuwin-Naturaliste,-34.1352005,115.0439987,+61 (0)8 9752 5555,blackwood@dbca.wa.gov.au,120,,
Len Howard,-32.5658989,115.6940002,+61 (0)8 9303 7700,wanneroo@dbca.wa.gov.au,868,,
Lennard Track,-33.38497261,115.9382781,NULL,NULL,NULL,,
Leschenault Peninsula,-33.21839905,115.689003,+61 (0)8 9735 1988,wellington@dbca.wa.gov.au,949,,
Lesmurdie Falls,-31.9953018,116.0324371,NULL,NULL,NULL,,
Lesueur,-30.08939934,115.0459976,+61 (0)8 9688 6000,jurien@dbca.wa.gov.au,395,,
Lewin Forest Block,-34.20583971,115.8565807,+61 (0)8 9776 1207,donnellyd@dbca.wa.gov.au,NULL,,
Logue Brook,-32.97555437,115.9896129,+61 (08) 9735 1988,wellington@dbca.wa.gov.au,959,,
Logue Brook Dam Campsite,-33.00655795,115.9713208,+61 (08) 9735 1988,wellington@dbca.wa.gov.au,960,,
Long Point Campsite,-35.02162709,116.579082,NULL,NULL,NULL,,
Lucky Bay (Kalbarri),-28.0353,114.1613,Lisa Gould,lisa.gould@dbca.wa.gov.au,NULL,,
Lucky Bay campground,-28.09076052,114.186058,NULL,NULL,NULL,,
Ludlow,-33.60189525,115.4772735,NULL,NULL,NULL,,
Lyall's Mill Group Campsite,-33.46437408,116.0737967,+61 (08) 9735 1988,wellington@dbca.wa.gov.au,NULL,,
Lyalls Mill Campsite,-33.46162797,116.0754919,NULL,NULL,NULL,,
Lyalls Mill Group Campsite,-33.46157161,116.0762215,NULL,NULL,NULL,,
Mammoth Cave,-34.05875712,115.029763,NULL,NULL,NULL,,
Mandalay Beach Road in D'Entrecasteaux National Park,-34.9835,116.6004,Peter Masters,peter.masters@dbca.wa.gov.au,NULL,,
Manea Park,-33.37424283,115.6585452,+61 (08) 9725 4300,bunbury@dbca.wa.gov.au,NULL,,
Mangrove Cove (also known as Koombana Park),-33.32396665,115.6492889,+61 (08) 9275 4300,bunbury@dbca.wa.gov.au,NULL,,
Map 1b/2a - timber harvesting diversion - E of Jarrahdale,-32.34010387,116.0798156,+61 (0)8 9290 6100,mundaring@dbca.wa.gov.au,NULL,,
Map 2b - Extension to Cape Leeuwin Lighthouse,-34.37174301,115.1359355,+61 (0)8 9752 5555,blackwood@dbca.wa.gov.au,NULL,,
Map 3a - Nanga Road long-term diversion,-32.91345912,116.0710287,+61 (0)8 9290 6100,mundaring@dbca.wa.gov.au,NULL,,
Map 3b - Timber harvesting around Yarri Camp Site,-33.14754073,116.0227704,+61 (0)8 9735 1988,wellington@dbca.wa.gov.au,NULL,,
Map 4a - Trail realignment - Coalfields Road,-33.32098992,115.9786749,+61 (0)8 9735 1988,wellington@dbca.wa.gov.au,NULL,,
Map 4b - Realignment north of Blackwood Camp Site,-33.87469136,115.9700918,+61 (0)8 9731 6232,blackwood@dbca.wa.gov.au,NULL,,
Map 5a - Closure of vehicle access points north of Pemberton,-34.1609659,115.9144306,+61 (0)8 9776 1207,pemberton@dbca.wa.gov.au,NULL,,
Map 8b - Trail realignment - Limbourne Road,-34.970375,117.2228336,+61 (0)8 9840 0400,frankland.district@dbca.wa.gov.au,NULL,,
Margaret Pine Plantation,-33.92777368,115.0753739,+61 (08) 9725 5288,blackwood@dbca.wa.gov.au,NULL,,
Margaret River,-33.97114288,114.9867618,NULL,NULL,NULL,,
Margaret River - Rivermouth,-33.97000122,114.9800034,NULL,NULL,NULL,,
Marmion,-31.82719994,115.7330017,+61 (0)8 9303 7700,wanneroo@dbca.wa.gov.au,871,,
Marrinup,-32.664,115.99,NULL,NULL,753,,
Martins Tank Campground,-32.84638821,115.6685801,NULL,NULL,NULL,,
Matilda Bay Reserve,-31.98069954,115.8209991,+61 (08) 9442 0300,regional.parks@dbca.wa.gov.au,867,,
Mazzoletti Beach,-35.02347008,117.1709442,NULL,NULL,NULL,cape.range@dbca.wa.gov.au,NULL
Mesa Campground,-22.00583,113.92786,,+61 (08) 9949 2808,,,
Midgegooroo,-32.1291008,116.1500015,+61 (08) 9290 6100,mundaring@dbca.wa.gov.au,1047,,
Millstream Chichester,-21.41328092,117.1625805,+61 (0)8 9182 2000,millstream-chichester@dbca.wa.gov.au,419,,
Millstream Dam,-33.9092706,115.9500718,(08) 9420 3265,Elecia.Wheat@watercorporation.com.au,NULL,,
Miluwindi Conservation Park,-17.1721,125.209,+61 (0)8 9195 5500,broome@dbca.wa.gov.au,1321,,
Mirima,-15.77449989,128.7720032,+61 (0)8 9168 4200,kununurra@dbca.wa.gov.au,619,,
Mitchell River,-14.83049965,125.7050018,+61 (0)8 9168 4200,kununurra@dbca.wa.gov.au,630,,
Moingup Springs Campground- Stirling Range National Park,-34.39812823,118.0949593,NULL,NULL,NULL,,
Monadnocks Campsite,-32.32942507,116.2398148,NULL,NULL,NULL,,
Monkey Mia,-25.80050087,113.7099991,+61 (0)8 9948 1366,denham@dbca.wa.gov.au,858,,
Mornington Road,-33.31952542,116.1241805,NULL,NULL,NULL,,
Mount Augustus,-24.33480072,116.8499985,+61 (0)8 9948 2226,sharkbayenquiries@dpaw.wa.gov.au,702,,
Mount Chance Campsite,-34.83320451,116.5100312,NULL,NULL,NULL,,
Mount Cooke Campsite,-32.40126964,116.2940598,NULL,NULL,NULL,,
Mount Dale Campsite,-32.13582857,116.2976646,NULL,NULL,NULL,,
Mount Frankland,-34.70069885,116.5619965,+61 (0)8 9840 0400,frankland.district@dbca.wa.gov.au,657,,
Mount Frankland North National Park,-34.6377276,116.7106819,+61 (0)8 9840 0400,frankland.district@dbca.wa.gov.au,NULL,,
Mount Frankland South,-34.88818391,116.881485,+61 (0)8 9840 0400,frankland.district@dbca.wa.gov.au,1015,,
Mount Hassell,-34.3749283,118.0789036,NULL,NULL,NULL,,
Mount Lindesay,-34.85649586,117.259655,+61 (0)8 9840 0400,frankland.district@dbca.wa.gov.au,1016,,
"Mount Manning Nature Reserve-30.241864889916346, 119.640024393532",-30.24186489,119.6400244,NULL,NULL,NULL,,
Mount Manning Range Nature Reserve,-30.09676674,119.7572937,NULL,NULL,NULL,,
Mount Manning Range Nature Reserve and Helena-Aurora Range Conservation Park,-29.93946537,119.5175171,+61 (08) 9080 5555,kalgoorlie@dbca.wa.gov.au,NULL,,
Mount Manning- and Helena-Aurora Range Nature Reserve and Conservation Parks,-30.2849611,118.5053463,+61 (08) 9080 5555,kalgoorlie@dbca.wa.gov.au,NULL,,
Mount Roe National Park,-34.83569834,117.0485651,+61 (0)8 9840 0400,frankland.district@dbca.wa.gov.au,NULL,,
Mount Wells,-32.70237775,116.3409233,+61 (0)8 9290 6100,mundaring@dbca.wa.gov.au,NULL,,
Mount Wells Campsite,-32.69822468,116.3362455,NULL,NULL,NULL,,
Mt Chance Campsite,-34.83341586,116.5112543,NULL,NULL,NULL,,
Mt Clare Campsite,-34.99820159,116.6460514,NULL,NULL,NULL,,
Mt Cooke Campsite,-32.40254419,116.2947249,NULL,NULL,NULL,,
Mt Cooke Group Campsite,-32.3997008,116.2906265,NULL,NULL,NULL,,
Mt Dale,-32.13585313,116.2976915,NULL,NULL,NULL,,
Mt Dale Campsite,-32.13502639,116.2988931,NULL,NULL,NULL,,
Mt Frankland North,-34.66450119,116.685997,+61 (0)8 9840 0400,frankland.district@dbca.wa.gov.au,1133,,
Mt Frankland south National Park,-34.82048705,116.5965915,(08) 9752 5555,NULL,NULL,,
Mt Hassell,-34.37634066,118.0694761,+61 (08) 9842 4500,albany@dbca.wa.gov.au,231,,
Mt Lennard Mountain Bike Trails,-33.39182111,115.8988953,+61 (08) 9735 1988,wellington@dbca.wa.gov.au,NULL,,
Mt Lennard Trails,-33.40531106,115.8609295,NULL,NULL,NULL,,
Mt Lindesay National Park,-34.91033628,117.3950197,+61 (08) 9840 0400,frankland.district@dbca.wa.gov.au,1112,,
Mt Lindsay National Park,-34.85631317,117.2575092,NULL,NULL,NULL,,
Mt Manning,-30.45814435,120.2947998,NULL,NULL,NULL,,
Mt Roe,-34.70740128,117.0080032,+61 (0)8 9840 0400,frankland.district@dbca.wa.gov.au,1112,,
Mt Roe National Park,-34.7676,117.27128,NULL,NULL,NULL,,
Mt Wells Campsite,-32.6991061,116.3363743,NULL,NULL,NULL,,
Munda Biddi Denham,-33.13651624,116.0967178,+61 (08) 9735 1988,wellington@dbca.wa.gov.au,NULL,,
Munda Biddi Pemberton,-34.55225057,116.1748677,NULL,NULL,NULL,,
Munda Biddi Trail - Albany,-35.02626087,117.8559422,+61 (08) 9842 4500,albany@dbca.wa.gov.au,NULL,,
Munda Biddi Trail - Dwellingup,-32.64768042,116.0090938,9290 6100,mundaring@dbca.wa.gov.au,NULL,,
Munda Biddi Trail - Jarrahdale,-32.35898925,116.1093092,9290 6100,mundaring@dbca.wa.gov.au,12000,,
Munda Biddi Trail - Jarrahwood,-33.8048,115.6832,NULL,recreationandtrails@dbca.wa.gov.au,NULL,,
Munda Biddi Trail - S of Pemberton - map 6b,-34.45710186,116.0531116,+61 (0)8 9776 1207,donellyd@dbca.wa.gov.au,12005,,
Munda Biddi Trail - Serpentine National Park,-32.37484431,116.0407734,+61 (08) 9290 6100,mundaring@dbca.wa.gov.au,NULL,,
Munda Biddi Trail - West of Denmark,-34.98380766,117.2396135,NULL,NULL,NULL,,
Munda Biddi Trail Albany,-35.01804745,117.7605629,+61 (08) 9842 4500,albany@dbca.wa.gov.au,12008,,
Munda Biddi Trail Carinyah,-32.09546025,116.1628008,+61 (08) 9290 6100,mundaring@dbca.wa.gov.au,NULL,,
Munda Biddi Trail Collie,-33.0687207,116.0599566,NULL,NULL,NULL,,
Munda Biddi Trail Collie Jarrahwood,-33.35770035,116.1569977,+61 (0)8 9735 1988,wellington@dbca.wa.gov.au,12003,,
Munda Biddi Trail Denmark,-34.96735059,117.3756123,+61 (08) 9840 0400,frankland.district@dbca.wa.gov.au,12009,,
Munda Biddi Trail Denmark Albany,-34.96269989,117.3499985,+61 (0)8 9842 4500,albany@dbca.wa.gov.au,12008,,
Munda Biddi Trail Dwellingup,-32.71318805,116.0520601,NULL,NULL,NULL,,
Munda Biddi Trail Hadfield,-33.15021259,116.0048485,+61 (08) 9735 1988,wellington@dbca.wa.gov.au,NULL,,
Munda Biddi Trail Hoffman,-33.06421357,116.06813,+61 (08) 9735 1988,wellington@dbca.wa.gov.au,12003,,
Munda Biddi Trail Jarrahdale,-32.3394216,116.0714364,NULL,NULL,NULL,,
Munda Biddi Trail Jarrahdale Nanga,-31.9041996,116.1650009,+61 (0)8 9290 6100,mundaring@dbca.wa.gov.au,12001,,
Munda Biddi Trail Jarrahdale to Nanga,-32.6756503,116.0091877,+61 (08) 9290 6100,mundaring@dbca.wa.gov.au,12001,,
Munda Biddi Trail Jarrahwood,-33.57561918,115.824244,+61 (08) 9752 5555,blackwood@dbca.wa.gov.au,12004,,
Munda Biddi Trail Jarrahwood Manjimup,-33.79560089,115.6660004,+61 (0)8 9776 1207,pemberton@dbca.wa.gov.au,12004,,
Munda Biddi Trail Jarrahwood to Manjimup,-34.11955008,115.9695768,+61 (0)8 9776 1207,donnellyd@dbca.wa.gov.au,NULL,,
Munda Biddi Trail Manjimup,-34.4161858,116.2256956,+61 (08) 9776 1207,donnellyd@dbca.wa.gov.au,12005,,
Munda Biddi Trail Manjimup Northcliffe,-34.24160004,116.1470032,+61 (0)8 9776 1207,pemberton@dbca.wa.gov.au,12005,,
Munda Biddi Trail Mundaring Jarrahdale,-31.9041996,116.1650009,+61 (0)8 9290 6100,mundaring@dbca.wa.gov.au,12000,,
Munda Biddi Trail Mundaring to Jarrahdale,-32.01189694,116.1325264,+61 (08) 9290 6100,mundaring@dbca.wa.gov.au,12000,,
Munda Biddi Trail Nanga,-32.79367285,116.1038697,+61 (08) 9290 6100,mundaring@dbca.wa.gov.au,12002,,
Munda Biddi Trail Nanga Collie,-32.80550003,116.0930023,+61 (0)8 9735 1988,wellington@dbca.wa.gov.au,12002,,
Munda Biddi Trail Nanga to Collie,-33.1313,116.0996,(08) 9735 1988,wellington@dbca.wa.gov.au,NULL,,
Munda Biddi Trail North Dandalup,-32.53953085,116.0097671,NULL,NULL,NULL,,
Munda Biddi Trail Northcliffe,-34.6391223,116.1257458,+61 (08) 9776 1207,donnellyd@dbca.wa.gov.au,12006,,
Munda Biddi Trail Northcliffe to Walpole,-34.8168,116.5928,(08) 9840 0400,frankland.district@dbca.wa.gov.au,NULL,,
Munda Biddi Trail Northcliffe Walpole,-34.82676841,116.6857052,+61 (0)8 9840 0400,frankland.district@dbca.wa.gov.au,12006,,
Munda Biddi Trail Quinninup,-34.40530688,116.2455654,NULL,NULL,NULL,,
Munda Biddi Trail Walpole,-34.93669224,116.7025108,+61 (08) 9840 0400,frankland.district@dbca.wa.gov.au,12007,,
Munda Biddi Trail Walpole Denmark,-34.88865984,117.2994804,+61 (0)8 9840 0400,frankland.district@dbca.wa.gov.au,12007,,
Munda Biddi Trail Walpole to Denmark map 8a and 8b,-34.85107245,117.0879507,NULL,NULL,NULL,,
Munda Biddi Trail Willowdale,-32.91146691,116.0856414,NULL,NULL,NULL,,
Mundaring State Forest,-31.96609775,116.2108898,+61 (0)8 9290 6100,mundaring@dbca.wa.gov.au,NULL,,
Mundaring Weir,-31.95000076,116.1600037,"Water Corporation on 13 13 85 or  DBCA, Mundaring on (08) 9290 6100.",NULL,NULL,,
Mundy,-31.99609947,116.0339966,+61 (0)8 9442 0300,regional.parks@dbca.wa.gov.au,1042,,
Mungalup Road,-33.45994524,116.0317612,NULL,NULL,NULL,,
Murray Campsite,-32.86704406,116.1384487,NULL,NULL,NULL,,
Murray Valley,-32.772409,116.0818219,(08) 9538 1078,NULL,NULL,,
Murray Valley mountain bike trails,-32.78359446,116.0813069,NULL,NULL,NULL,,
Murray Valley Trails,-32.78038061,116.0831898,NULL,NULL,NULL,,
Murujuga,-20.55830002,116.8330002,+61 (0)8 9182 2000,karratha@dbca.wa.gov.au,1121,,
Muttonbird Campsite,-35.04308285,117.7251577,NULL,NULL,NULL,,
N of Dandalup,-32.4857775,116.0118055,+61 (0)8 9290 6100,mundaring@dbca.wa.gov.au,NULL,,
N of Northcliffe,-34.59610419,116.1809349,+61 (0)8 9776 1207,donnellyd@dbca.wa.gov.au,NULL,,
Nambung,-30.59020042,115.1559982,+61 (0)8 9652 7913,pinnacles@dbca.wa.gov.au,387,,
Nambung National Park,-30.60304895,115.154475,+61 (0)8 9652 7913,pinnacles@dbca.wa.gov.au,NULL,,
Nancy Peak,-34.68235667,117.8629994,+61 (08) 9842 4500,albany@dbca.wa.gov.au,NULL,,
Nanga Road Bridge,-32.76225517,116.0762295,NULL,NULL,NULL,,
NE of Lake C Y O'Connor,-31.96803704,116.2115765,+61 (0)8 9290 6100,mundaring@dbca.wa.gov.au,NULL,,
NE of Stirling Dam,-33.06056973,116.0723591,+61 (0)8 9735 1988,wellington@dbca.wa.gov.au,NULL,,
Neerabup,-31.68670082,115.7460022,+61 (0)8 9303 7700,wanneroo@dbca.wa.gov.au,884,,
Neerabup National Park,-31.68149053,115.743122,+61 (08) 9303 7700,wanneroo@dbca.wa.gov.au,884,,
"Nelson Road, Shannon National Park",-34.71831679,116.4754736,NULL,NULL,NULL,,
Nerang Campsite,-32.46152496,116.3774228,NULL,NULL,NULL,,
New Murray River bridge crossing,-32.98965962,116.2316608,+61 (0)8 9290 6100,mundaring@dbca.wa.gov.au,NULL,,
Newells Road and carpark,-35.11240504,117.9363924,NULL,NULL,NULL,,
Newells Road and parking area,-35.11236116,117.9363468,NULL,NULL,NULL,,
Ngamoowalem,-15.798333,128.476667,+61 (0)8 9168 4200,kununurra@dbca.wa.gov.au,1158,,
Ngamoowalem Conservation Park,-15.62685076,128.2796462,NULL,NULL,NULL,,
Ngari Capes,-33.97320175,114.947998,+61 (08) 9752 5555,blackwood@dbca.wa.gov.au,1102,,
Nglang Boodja Camp Site vandalised - Wellington National Park - map 4a,-33.41037967,115.9276915,+61 (0)8 9735 1988,wellington@dbca.wa.gov.au,NULL,,
Ningaloo,-22.86179924,113.7399979,08 9947 8000,Exmouth@dbca.wa.gov.au,408,,
Ningaloo Marine Park,-21.9371,113.9617,NULL,NULL,NULL,,
Noggerup Campsite,-33.56535683,116.0987949,NULL,NULL,NULL,,
North Bannister,-32.56999969,116.4400024,Parks and Wildlife Service Mundaring (08) 9290 6100,NULL,NULL,,
North Bannister Bibbulmun Track,-32.5693839,116.4427185,+61 (08) 9290 6100,mundaring@dbca.wa.gov.au,NULL,,
North Island - Houtman Abrolhos Islands National Park,-28.29969531,113.5964012,+61 (0)8 9964 0901,geraldtonenquiries@dbca.wa.gov.au,NULL,,
North Kimberley Marine Park,-13.576088,126.340392,+61 (08) 9168 4200,kununurra@dbca.wa.gov.au,NULL,,
North Lake C Y O'Connor,-31.95000076,116.1600037,Rebecca Hamilton (08) 9290 6100,rebecca.hamilton@dbca.wa.gov.au,NULL,,
Northern Yilgarn Conservation Reserves,-30.48600006,120.0940018,+61 (0)8 9080 5555,kalgoorlie@dbca.wa.gov.au,1066,,
Nullaki Campsite,-35.03897118,117.4550056,NULL,NULL,NULL,,
Nut Road,-34.99714554,116.8945742,+61 (0)8 9840 0400,frankland@dbca.wa.gov.au,NULL,,
Nuytsland,-32.94875864,124.3638611,+61 (0)8 9083 2100,esperance_admin@dbca.wa.gov.au,336,,
Nuytsland Nature Reserve,-32.139035,126.176262,NULL,esperance_admin@dbca.wa.gov.au,NULL,,
Nyinggulara,-22.50531934,113.7189865,(08) 9947 8000,Exmouth@dbca.wa.gov.au,1111,,
Nyinggulara National Park,-22.69727796,113.7421417,(08) 9947 8000,exmouth@dbca.wa.gov.au,408,,
Nyinggulu (Ningaloo) Coastal Reserves,-23.0727,113.816,08 9947 8000,Exmouth@dbca.wa.gov.au,20000,,
Ocean Beach Road,-35.00080631,117.3316938,NULL,NULL,NULL,,
One Tree Bridge,-34.21519852,115.9420013,+61 (08) 9776 1207,donnellyd@dbca.wa.gov.au,489,,
Ord River Regeneration Reserve,-18.09171833,128.3736787,+61 (08) 9168 4200,purnululu@dbca.wa.gov.au,NULL,,
Owingup Nature Reserve,-35.00412828,117.0643902,+61 (0)8 9840 0400,frankland.district@dbca.wa.gov.au,NULL,,
Oyster Stacks,-22.13201971,113.8781941,+61 (08) 9949 2808,cape.range@dbca.wa.gov.au,410,,
Pailings Road,-34.28556577,115.9347591,+61 (0)8 9776 1207,donellyd@dbca.wa.gov.au,10005,,
Palgarup State Forest,-34.164431,116.336751,NULL,NULL,NULL,,
Parks and Wildlife Service Exmouth office,-21.937385,114.127059,+61 (0)8 9947 8000,Exmouth@dbca.wa.gov.au,NULL,,
Parry Beach,-35.03922044,117.1599305,NULL,NULL,NULL,,
Parry Inlet - Denmark,-35.03041285,117.161175,NULL,NULL,NULL,,
Parry Lagoons,-15.67059994,128.2870026,+61 (0)8 9168 4200,kununurra@dbca.wa.gov.au,627,,
Peaceful Bay,-35.03948632,116.9280599,NULL,NULL,NULL,,
Peak Charles,-32.90859985,121.1080017,+61 (0)8 9083 2100,esperance_admin@dbca.wa.gov.au,335,,
penguin hangout,-32.29999924,115.6900024,NULL,NULL,NULL,,
Penguin Island,-32.30530167,115.6920013,+61 (0)8 9303 7750,mandurah@dpaw.wa.gov.au,883,,
Permanent realignment - Dwellingup - map 2b,-32.71364422,116.0611367,+61 (0)8 9290 6100,mundaring@dbca.wa.gov.au,NULL,,
Permanent realignment - Joeys Nose - map 1b,-33.92085642,114.9981451,+61 (0)8 9752 5555,blackwood@dbca.wa.gov.au,NULL,,
Permanent realignment - Lane Poole Reserve - Map 3a,-32.92484295,116.0783243,+61 (0)8 9290 6100,mundaring@dbca.wa.gov.au,NULL,,
Permanent realignment - N of Dandalup - map 2a,-32.45111401,116.0105181,+61 (0)8 9290 6100,mundaring@dbca.wa.gov.au,NULL,,
Permanent realignment - Quinninup - map 6a,-34.42970872,116.2491703,+61 (0)8 9776 1207,pemberton@dbca.wa.gov.au,NULL,,
Permanent realignment - SW of Denmark - map 8b,-35.03196426,117.3207664,+61 (0)8 9840 0400,frankland.district@dbca.wa.gov.au,NULL,,
Peron,-26.09234005,113.5802507,+61 (08) 9948 2226,sharkbayenquiries@dbca.wa.gov.au,864,,
Perth Hills Discovery Centre,-31.95405571,116.1764288,+61 (08) 9290 6100,mundaring@dbca.wa.gov.au,NULL,,
Pile Road,-33.41997536,115.922378,NULL,NULL,NULL,,
Pinjar,-31.63953505,115.7971859,+61 (0)8 9303 7700,wanneroo@dbca.wa.gov.au,NULL,,
Pinjar Motorcycle Area,-31.65,115.79,NULL,NULL,NULL,,
Pinjar Off Road Vehicle Area,-31.64325486,115.7877445,(08) 9303 7700,NULL,NULL,,
Pinjar Off-Road area,-31.62590589,115.7787323,+61 (0)8 9303 7700,wanneroo@dbca.wa.gov.au,NULL,,
Pinjar ORV area,-31.64282329,115.7901692,08 9303 7700,wanneroo@dbca.wa.gov.au,NULL,,
Point Road Campground,-34.09231326,115.0191575,+61 (08) 9757 4422,calgardup@dbca.wa.gov.au,NULL,,
Point Road Campsite,-34.0930285,115.019525,NULL,NULL,NULL,,
Porongurup,-34.69579077,117.9203367,+61 (08) 9842 4500,albany@dbca.wa.gov.au,233,,
Porongurup National Park,-34.69582646,117.9211463,+61 (08) 9842 4500,albany@dbca.wa.gov.au,NULL,,
Possum Springs Campsite,-33.06144253,116.2958622,NULL,NULL,NULL,,
Powlalup,-33.84550472,115.918529,+61 (0)8 9752 5555,blackwood@dbca.wa.gov.au,77,,
Prescribed burn diversion - PHS_100 - Swamp Oak Campsite – Map 2a,-32.77746067,116.1172485,+61 (0)8 9290 6100,mundaring@dbca.wa.gov.au,NULL,,
Prescribed burn diversion just south of Northcliffe - Map 6a,-34.63748044,116.122849,+61 (0)8 9776 1207,pemberton@dbca.wa.gov.au,NULL,,
Preston,-33.58729935,116.1220016,+61 (08) 9735 1988,wellington@dbca.wa.gov.au,76,,
Prevelly,-33.97786038,114.989693,+61 (08) 9752 5555,blackwood@dbca.wa.gov.au,NULL,,
Prevelly - Cape to Cape,-33.97117559,114.9867712,+61 (0)8 9752 5555,blackwood@dbca.wa.gov.au,120,,
Prince Regent,-15.47929955,125.4039993,+61 (0)8 9168 4200,kununurra@dbca.wa.gov.au,1120,,
Proposed Nyinggulu Coastal Reserves - Gnaraloo zone,-23.80592078,113.5288525,+61 (08) 9947 8000,exmouth@dbca.wa.gov.au,NULL,,
Purnululu,-17.46190071,128.5339966,+61 (0)8 9168 7300,purnululu@dbca.wa.gov.au,621,,
Purnululu Conservation Reserve,-17.9325,128.36,NULL,NULL,NULL,,
Quarram Nature Reserve,-35.02732559,117.0008326,NULL,NULL,NULL,,
Rame Head Campsite,-35.04576807,116.8607354,NULL,NULL,NULL,,
Rame Head Campsite / W of Peaceful Bay,-35.03360647,116.8901539,+61 (0)8 9840 0400,frankland@dbca.wa.gov.au,NULL,,
Randall Road - Map 1b,-32.30989538,116.2287748,+61 (0)8 9290 6100,mundaring@dbca.wa.gov.au,NULL,,
Rapids,-33.89839935,115.2949982,+61 (0)8 9752 5555,blackwood@dbca.wa.gov.au,73,,
Rapids Conservation Park,-33.88131844,115.2834892,+61 (08) 9752 5555,blackwood@dbca.wa.gov.au,73,,
Rat Island - Houtman Abrolhols Islands National Park,-28.71919502,113.7845421,+61 (0)8 9964 0901,geraldtonenquiries@dbca.wa.gov.au,NULL,,
Redgate Beach,-34.04325424,115.0012082,NULL,NULL,NULL,,
River Road construction - Wellington National Park - map 4a,-33.38716294,115.9398365,+61 (0)8 9735 1988,wellington@dbca.wa.gov.au,NULL,,
Rockingham Lakes,-32.37350082,115.7649994,+61 (0)8 9442 0300,regional.parks@dbca.wa.gov.au,881,,
Rocky Gully Conservation Park,-34.52946991,117.0316887,+61 (0)8 9840 0400,frankland.district@dbca.wa.gov.au,NULL,,
Romeo Road,-31.62000084,115.7099991, 08 9303 7700,NULL,NULL,,
Rowles Lagoon,-30.43390083,120.8560028,+61 (0)8 9080 5555,kalgoorlie@dbca.wa.gov.au,197,,
Rusden Picnic Site,-33.95424905,115.1223113,+61 (08) 9752 5555,blackwood@dbca.wa.gov.au,37,,
S of Harvey-Quindanning Road,-33.06038031,116.2375832,+61 (0)8 9735 1988,wellington@dbca.wa.gov.au,NULL,,
S of Lake Brockman,-33.05049837,115.9963131,+61 (0)8 9735 1988,wellington@dbca.wa.gov.au,NULL,,
Samphire Cove Nature Reserve,-32.54833907,115.7153654,+61 (08) 9303 7750,NULL,NULL,,
Sandpatch & Mutton Bird Campsites / SW of Albany,-35.06817667,117.8025341,+61 (0)8 9842 4500,albany@dbca.wa.gov.au,NULL,,
Sandpatch Campsite,-35.07390076,117.8190565,NULL,NULL,NULL,,
Sandpatch Campsite / SW of Albany,-35.07358572,117.8334332,+61 (0)8 9842 4500,albany@dbca.wa.gov.au,NULL,,
Schafer Campsite,-34.55473451,116.1760855,NULL,NULL,NULL,,
Scott,-34.25630188,115.2259979,+61 (08) 9752 5555,blackwood@dbca.wa.gov.au,85,,
SE of Gregory Brook Campsite,-34.02127394,116.0123634,+61 (0)8 9731 6232,blackwood@dbca.wa.gov.au,NULL,,
SE of Yourdamung Campsite,-33.24778503,116.2966347,+61 (0)8 9735 1988,wellington@dbca.wa.gov.au,NULL,,
Serpentine,-32.36819839,116.0090027,+61 (0)8 9525 2128,mundaring@dbca.wa.gov.au,713,,
Serpentine Falls,-32.36803996,116.0114253,+61 (08) 9290 6100,mundaring@dbca.wa.gov.au,713,,
Serpentine National Park,-32.34702417,116.0574675,NULL,NULL,NULL,,
Shannon,-34.71080017,116.3740005,+61 (0)8 9776 1207,donellyd@dbca.wa.gov.au,534,,
Shannon National Park,-34.5831394,116.4148879,+61 (0)8 9776 1207,donnellyd@dbca.wa.gov.au,NULL,,
Shell Beach,-26.20179939,113.7539978,+61 (08) 9948 2226,sharkbayenquiries@dpaw.wa.gov.au,856,,
Shelter Bay Campground,-26.17282787,113.1954158,+61 (08) 9948 2226,sharkbayenquiries@dbca.wa.gov.au,1051,,
Shire of Denmark,-35.03053845,117.1614271,(08) 9848 0300,NULL,NULL,,
Shoalwater Islands,-32.31259918,115.711998,+61 (0)8 9303 7700,wanneroo@dbca.wa.gov.au,878,,
Sika Trail,-33.36214785,115.9490633,+61 (0)8 9735 1988,wellington@dbca.wa.gov.au,12003,,
Smiths Beach,-33.69412874,114.9920887,+61 (0)8 9752 5555,blackwood@dbca.wa.gov.au,NULL,,
"Snottygobble Loop, Grass Tree Hollow and Goblin Swamp",-34.4261689,115.8061767,NULL,NULL,NULL,,
Solitary - Dwellingup Mountain Bike Trail,-32.70536434,116.0377479,+61 (08) 9290 6100,mundaring@dbca.wa.gov.au,NULL,,
South East Nannup State Forest,-34.20065772,115.9256315,+61 (08) 9080 5555,donnellyd@dbca.wa.gov.au,NULL,,
Southern Beekeepers Nature Reserve,-30.3947177,115.081358,+61 (0)8 9688 6000,jurien@dbca.wa.gov.au,NULL,,
St John Brook,-33.94309998,115.6869965,+61 (0)8 9752 5555,blackwood@dbca.wa.gov.au,123,,
State Forest 65,-31.54860579,115.7223587,NULL,NULL,NULL,,
State forest west of Tone Perup Nature Reserve,-34.396532,116.523408,+61 (0)8 9776 1207,donnellyd@dbca.wa.gov.au,NULL,,
Steep Point Campground,-26.14339509,113.1627729,+61 (08) 9948 2226,sharkbayenquiries@dbca.wa.gov.au,1051,,
Stirling Range,-34.39160156,117.8990021,+61 (0)8 9842 4500,albany_admin@dpaw.wa.gov.au,231,,
Stirling Range National Park,-34.40067777,118.1023407,NULL,NULL,NULL,,
Stockton Lake,-33.3830062,116.227541,+61 (0)8 9735 1988,wellington@dbca.wa.gov.au,NULL,,
Stockton Lake campground,-33.38539814,116.2264413,+61 (0)8 9735 1988,wellington@dbca.wa.gov.au,NULL,,
Stockyard Gully,-29.93059921,115.098999,+61 (0)8 9688 6000,jurien@dbca.wa.gov.au,403,,
Stockyard Gully Reserve,-29.9306,115.099,+61 (0)8 9688 6000,jurien@dbca.wa.gov.au,NULL,,
Stokes,-33.83169937,121.086998,+61 (0)8 9083 2100,esperance_admin@dbca.wa.gov.au,310,,
Stokes National Park,-33.79751576,121.1746931,+61 (0)8 9083 2100,albany@dbca.wa.gov.au,NULL,,
Stony Hill,-35.114171,117.950194,NULL,NULL,NULL,,
SW of Collie,-33.36361504,116.0489273,+61 (0)8 9735 1988,wellington@dbca.wa.gov.au,NULL,,
Swamp Oak Campsite,-32.78135748,116.1177635,NULL,NULL,NULL,,
Swamp Oak Campsite / SE of Dwellingup,-32.78097382,116.1176348,+61 (0)8 9290 6100,mundaring@dbca.wa.gov.au,NULL,,
Swan Canning Riverpark,-31.99040031,115.8399963,+61 (0)8 9442 0300,regional.parks@dbca.wa.gov.au,1155,,
Swan Coastal Plains Walk Trail,-31.68026446,115.8988953,NULL,NULL,NULL,,
Swan Estuary,-31.98889923,115.8270035,+61 (0)8 9303 7700,wanneroo@dbca.wa.gov.au,892,,
Swan River,-31.97218734,115.8394575,NULL,NULL,NULL,,
Tathra,-29.7758007,115.5279999,+61 (08) 9688 6000,jurien@dbca.wa.gov.au,1083,,
Ten Mile Brook Dam,-33.957742,115.1243484,+61 (08) 9752 5555,blackwood@dbca.wa.gov.au,37,,
The Goat Farm,-31.90270042,116.0550003,+61 (0)8 9290 6100,mundaring@dbca.wa.gov.au,1153,,
"The Summit Trail, Mount Augustus National Park",-24.31965962,116.7975828,NULL,NULL,NULL,,
Timber harvesting diversion - N of Collie - map 3b,-33.15645129,115.9919786,+61 (0)8 9735 1988,wellington@dbca.wa.gov.au,NULL,,
Timber harvesting diversion - Quinninup - map 6a,-34.42064649,116.2428188,+61 (0)8 9776 1207,pemberton@dbca.wa.gov.au,NULL,,
Timber harvesting diversion - S of Donnybrook - map 4b,-33.73005043,115.7872295,+61 (0)8 9735 1988,wellington@dbca.wa.gov.au,NULL,,
Timber harvesting diversion - Wellington Spur Trail - map 3b,-33.45686613,116.0206461,+61 (0)8 9735 1988,wellington@dbca.wa.gov.au,NULL,,
Timber harvesting E of Dwellingup,-32.7480126,116.2664223,+61 (0)8 9290 6100,mundaring@dbca.wa.gov.au,NULL,,
Tom Road Campsite,-34.16444063,115.9135723,NULL,NULL,NULL,,
Tone Perup Nature Reseerve,-34.271786,116.631751,NULL,NULL,NULL,,
Tone Perup Nature Reserve,-34.1409,116.64,+61 (0)8 9776 1207,donnellyd@dbca.wa.gov.au,NULL,,
Tone-Perup Nature Reserve,-34.24825,116.628055,Donnelly District,NULL,NULL,,
Torbay Campsite,-35.07917677,117.6468694,NULL,NULL,NULL,,
Torbay Inlet,-35.04485485,117.6764917,NULL,NULL,NULL,,
Torndirrup,-35.10779953,117.9550018,+61 (0)8 9842 4500,albany_admin@dbca.wa.gov.au,234,,
Torndirrup National Park,-35.10719674,117.916616,Jennifer Medbury,albany@dbca.wa.gov.au,NULL,,
Tourism Awards WA 2018,-31.95798817,115.8932304,NULL,NULL,NULL,,
Tuart Forest,-33.62139893,115.4469986,+61 (08) 9752 5555,blackwood@dbca.wa.gov.au,121,,
Tunnel Creek,-17.61070061,125.1439972,+61 (0)8 9195 5500,broome@dpaw.wa.gov.au,998,,
Turner Hill,-32.63576098,116.0173416,+61 (0)8 9290 6100,mundaring@dbca.wa.gov.au,NULL,,
Turquoise Bay,-22.09914987,113.888247,+61 (08) 9949 2808,cape.range@dbca.wa.gov.au,410,,
Two Peoples Bay,-34.97283665,118.1955099,+61 (0)8 9842 4500,albany_admin@dbca.wa.gov.au,267,,
Upper Swan River,-31.87897,115.99168,NULL,NULL,NULL,,
Valley of the Giants Tree Top Walk,-34.9782897,116.8936357, (08) 9840 8263,ttw@dbca.wa.gov.au,NULL,,
Victoria Dam Reservoir,-32.0294987,116.0347438,+61 (08) 9290 6100,mundaring@dbca.wa.gov.au,NULL,,
Victoria Rock,-31.29526,120.92809,+61 (08) 9080 5555,kalgoorlie@dbca.wa.gov.au,NULL,,
Victoria Rock Nature Reserve,-31.3949087,121.0297851,NULL,NULL,NULL,,
W of Albany,-35.00769501,117.7186775,+61 (0)8 9842 4500,albany@dbca.wa.gov.au,NULL,,
W of Margaret River,-33.95387498,114.9922228,+61 (0)8 9752 5555,blackwood@dbca.wa.gov.au,NULL,,
WA Parks and Reserves,-26.64837927,120.5904007,92199000,enquiries@dbca.wa.gov.au,NULL,,
Waalegh Campsite,-32.01599213,116.2575603,NULL,NULL,NULL,,
Wadandi Track (Engine Road),-33.90625444,115.0829458,NULL,NULL,NULL,,
Walarra Mindi (Mt Hart),-16.9189629,125.0601578,+61 (08) 9195 5500,broome@dbca.wa.gov.au,997,,
Wallaroo Rock,-31.17403485,120.310936,61+ (08) 9080 5555,kalgoorlie@dbca.wa.gov.au,NULL,,
Walpole and Nornalup Inlets,-35.00429916,116.7279968,+61 (08) 9840 0400,frankland.district@dbca.wa.gov.au,1061,,
Walpole Nornalup,-34.96519852,116.7979965,+61 (0)8 9840 0400,frankland@dbca.wa.gov.au,692,,
Walpole Nornalup National Park,-34.98945522,116.7336443,+61 (0)8 9840 0400,frankland.district@dbca.wa.gov.au,NULL,,
Walyarta Conservation Park,-19.84043253,121.0997844,Broome Work Centre,broome@dbca.wa.gov.au,NULL,,
Walyunga,-31.72050095,116.0650024,+61 (0)8 9290 6100,mundaring@dbca.wa.gov.au,708,,
Wanagarren Nature Reserve,-30.6861,115.145,+61 (08) 9688 6000,jurien@dbca.wa.gov.au,1029,,
Wandoo,-31.92289925,116.5589981,+61 (08) 9290 6100,mundaring@dbca.wa.gov.au,728,,
Warren,-34.50389862,115.9349976,+61 (0)8 9776 1207,donellyd@dbca.wa.gov.au,533,,
Warren Campsite,-34.50912772,116.0977221,NULL,NULL,NULL,,
Warren State Forest,-34.50955698,116.102432,+61 (0)8 9776 1207,donnellyd@dbca.wa.gov.au,NULL,,
Warriedar Homestead campground,-29.13413,117.18582,Chris Clegg,chris.clegg@dbca.wa.gov.au,NULL,,
Warroora south access road,-23.53688,113.95927,NULL,NULL,NULL,,
Waterfall Beach Spur Trail,-35.01818804,117.2681737,+61 (0)8 9840 0400,frankland.district@dbca.wa.gov.au,12007,,
Waterous Loop Trail,-32.83453731,116.0897076,NULL,NULL,NULL,,
Waychinicup,-34.88677581,118.3885002,+61 (0)8 9842 4500,albany@dbca.wa.gov.au,210,,
"Weld State Forest, Mount Frankland National Park",-34.72327275,116.4766216,NULL,NULL,NULL,,
Wellington,-33.36370087,115.9550018,+61 (0)8 9735 1988,wellington@dbca.wa.gov.au,960,,
Wellington Dam,-33.40037538,115.9786695,NULL,NULL,NULL,,
Wellington National Park,-33.39404262,115.9398365,+61 (08) 9735 1988,wellington@dbca.wa.gov.au,960,,
West Cape Howe,-35.10559845,117.6119995,+61 (0)8 9842 4500,albany_admin@dbca.wa.gov.au,229,,
West Cape Howe Campsite,-35.08268089,117.5576591,NULL,NULL,NULL,,
West Swan,-31.870727,115.994135,NULL,NULL,NULL,,
Westralia Conservation Park,-33.36788261,116.0992241,NULL,NULL,NULL,,
Westralia Conservation Park - Wiilman Bilya Trail,-33.37250332,116.0983604,(08) 9735 1988,NULL,NULL,,
Whicher,-33.78409958,115.4820023,+61 (08) 9752 5555,blackwood@dbca.wa.gov.au,1126,,
White Horse Hill Campsite,-32.60906444,116.3359451,NULL,NULL,NULL,,
White Horse Hills Campsite,-32.60868825,116.3362026,NULL,NULL,NULL,,
Wiilman Bilya Trail,-33.35806161,116.1363888,NULL,NULL,NULL,,
Wilbinga Conservation Park,-31.42426871,115.5655289,+61 (0)8 9303 7700,wanneroo@dbca.wa.gov.au,NULL,,
Wilga State Forest,-33.74373441,116.1119115,+61 (08) 9752 5555,blackwood@dbca.wa.gov.au,35,,
William Bay,-35.02258122,117.274847,+61 (0)8 9840 0400,frankland.district@dbca.wa.gov.au,645,,
William Bay Campsite,-35.01687718,117.2383261,NULL,NULL,NULL,,
Wilman Bilya - Connell Rd,116.05786,-33.35621,NULL,NULL,NULL,,
Wilman Bilya - Ferguson Rd,116.05797,-33.37227,NULL,NULL,NULL,,
Wilson Inlet - Denmark,-34.97150033,117.3914909,(08) 9848 0300,NULL,NULL,,
Wiltshire-Butler,-34.01350021,115.4749985,+61 (08) 9752 5555,blackwood@dbca.wa.gov.au,1128,,
Wiltshire-Butler National Park,-34.01071388,115.4941864,NULL,NULL,NULL,,
Wilyabrup Brook - Cape to Cape,-33.79042166,114.9994943,(08) 9752 5555,NULL,NULL,,
Windjana Gorge,-17.42149925,124.9860001,+61 (0)8 9195 5500,broome@dpaw.wa.gov.au,997,,
Wolfe Creek Crater,-19.17230034,127.7959976,+61 (0)8 9168 4200,kununurra@dbca.wa.gov.au,618,,
Wooditjup,-33.95949936,115.1149979,+61 (08) 9752 5555,blackwood@dbca.wa.gov.au,37,,
Woodman Point,-32.1257019,115.762001,+61 (0)8 9442 0300,regional.parks@dbca.wa.gov.au,890,,
Woody Lake Nature Reserve,-33.81035348,121.9211841,+61 (0)8 9083 2100,NULL,NULL,,
Woolbales Campsite,-34.94427177,116.5659177,NULL,NULL,NULL,,
Wooroloo,-31.88319969,116.1309967,+61 (0)8 9442 0300,regional.parks@dbca.wa.gov.au,1041,,
Wunaamin Conservation Park,-16.88500023,125.0289993,+61 (0)8 9195 5500,broome@dbca.wa.gov.au,988,,
Wungong,-32.14960098,116.0660019,+61 (0)8 9442 0300,regional.parks@dbca.wa.gov.au,1044,,
Yabberup Campsite,-33.46316746,116.0771656,NULL,NULL,NULL,,
Yaberoo-Budjara Heritage Trail,-31.67127996,115.7361603,+61 (0)8 9303 7700,wanneroo@dbca.wa.gov.au,NULL,,
Yalgorup,-32.8158989,115.6740036,+61 (0)8 9303 7750,mandurah@dbca.wa.gov.au,893,,
Yalgorup National Park,-32.74537768,115.6562144,+61 (0)8 9303 7750,martinstank@dbca.wa.gov.au,NULL,,
Yallingup Beach Road,-33.64091028,115.0231165,NULL,NULL,NULL,,
Yanchep,-31.5442009,115.6829987,+61 (0)8 9303 7759,yanchep@dpaw.wa.gov.au,882,,
Yanchep National Park,-31.55535314,115.6912494,+61 (0)8 9303 7759,bookingsynp@dbca.wa.gov.au,NULL,,
Yanmah and Wheatley,-34.10299228,115.9777737,NULL,NULL,NULL,,
"Year 1 Trail, Murray Valley Mountain Bike Trails",-32.78030845,116.0831577,NULL,NULL,NULL,,
Yellagonga,-31.77930069,115.7969971,+61 (0)8 9442 0300,regional.parks@dbca.wa.gov.au,870,,
Yelverton,-33.73419952,115.0899963,+61 (08) 9752 5555,blackwood@dbca.wa.gov.au,1118,,
Yornup State Forrest,-34.115298,116.128183,+61 (0)8 9776 1207,donnellyd@dbca.wa.gov.au,1082,,
Yourdamung Campsite,-33.187952,116.2665939,+61 (0)8 9735 1988,wellington@dbca.wa.gov.au,NULL,,
Yourdamung Campsite - Bibbulmun Track,-33.18820312,116.2663633,(08) 9735 1988,NULL,NULL,,